{
    "100UC14": {
        "Base Plate15%": {
            "Axial": 304.34101118536245,
            "Shear": 56
        },
        "Base Plate 30%": {
            "Axial": 324.3300933093678,
            "Shear": 53
        },
        "Base Plate 50%": {
            "Axial": 318.45216676047636,
            "Shear": 57
        },
        "Base Plate 80%": {
            "Axial": 494.9033999171441,
            "Shear": 63
        }
    },
    "150UC23": {
        "Base Plate15%": {
            "Axial": 396.1236271690961,
            "Shear": 56
        },
        "Base Plate 30%": {
            "Axial": 463.7509484679624,
            "Shear": 54
        },
        "Base Plate 50%": {
            "Axial": 543.3832471470017,
            "Shear": 62
        },
        "Base Plate 80%": {
            "Axial": 684.7892634261784,
            "Shear": 59
        }
    },
    "150UC30": {
        "Base Plate15%": {
            "Axial": 431.82379317477154,
            "Shear": 61
        },
        "Base Plate 30%": {
            "Axial": 469.4566209669031,
            "Shear": 60
        },
        "Base Plate 50%": {
            "Axial": 719.6124685781023,
            "Shear": 57
        },
        "Base Plate 80%": {
            "Axial": 951.3205494103622,
            "Shear": 60
        }
    },
    "150UC37": {
        "Base Plate15%": {
            "Axial": 436.7510909673258,
            "Shear": 55
        },
        "Base Plate 30%": {
            "Axial": 468.22050473141036,
            "Shear": 53
        },
        "Base Plate 50%": {
            "Axial": 781.803642572003,
            "Shear": 53
        },
        "Base Plate 80%": {
            "Axial": 1242.8109548598973,
            "Shear": 54
        }
    },
    "200UC46": {
        "Base Plate15%": {
            "Axial": 561.295752426228,
            "Shear": 60
        },
        "Base Plate 30%": {
            "Axial": 526.480074856462,
            "Shear": 61
        },
        "Base Plate 50%": {
            "Axial": 873.790868529238,
            "Shear": 56
        },
        "Base Plate 80%": {
            "Axial": 1416.0321423314756,
            "Shear": 80
        }
    },
    "200UC52": {
        "Base Plate15%": {
            "Axial": 623.577277536867,
            "Shear": 56
        },
        "Base Plate 30%": {
            "Axial": 654.235959821094,
            "Shear": 59
        },
        "Base Plate 50%": {
            "Axial": 1075.3914065482104,
            "Shear": 54
        },
        "Base Plate 80%": {
            "Axial": 1441.6168230372905,
            "Shear": 85
        }
    },
    "200UC59": {
        "Base Plate15%": {
            "Axial": 586.5043558461064,
            "Shear": 60
        },
        "Base Plate 30%": {
            "Axial": 776.3487916022842,
            "Shear": 52
        },
        "Base Plate 50%": {
            "Axial": 1045.0900434582825,
            "Shear": 57
        },
        "Base Plate 80%": {
            "Axial": 1906.0650448102838,
            "Shear": 131
        }
    },
    "250UC72": {
        "Base Plate15%": {
            "Axial": 693.1219809683569,
            "Shear": 51
        },
        "Base Plate 30%": {
            "Axial": 786.2165817840446,
            "Shear": 61
        },
        "Base Plate 50%": {
            "Axial": 1231.964290072193,
            "Shear": 80
        },
        "Base Plate 80%": {
            "Axial": 2176.5653801146614,
            "Shear": 136
        }
    },
    "250UC89": {
        "Base Plate15%": {
            "Axial": 730.4328186868485,
            "Shear": 61
        },
        "Base Plate 30%": {
            "Axial": 948.1282108431586,
            "Shear": 54
        },
        "Base Plate 50%": {
            "Axial": 1697.7923545811532,
            "Shear": 87
        },
        "Base Plate 80%": {
            "Axial": 2355.714069245885,
            "Shear": 122
        }
    },
    "310UC96": {
        "Base Plate15%": {
            "Axial": 821.9749101841394,
            "Shear": 114
        },
        "Base Plate 30%": {
            "Axial": 1170.1102329366693,
            "Shear": 122
        },
        "Base Plate 50%": {
            "Axial": 1760.5812304545452,
            "Shear": 111
        },
        "Base Plate 80%": {
            "Axial": 2759.0609080962536,
            "Shear": 182
        }
    },
    "310UC118": {
        "Base Plate15%": {
            "Axial": 970.4913205125207,
            "Shear": 114
        },
        "Base Plate 30%": {
            "Axial": 1436.16972325061,
            "Shear": 106
        },
        "Base Plate 50%": {
            "Axial": 1819.1517174332298,
            "Shear": 118
        },
        "Base Plate 80%": {
            "Axial": 3230.318480808023,
            "Shear": 195
        }
    },
    "310UC137": {
        "Base Plate15%": {
            "Axial": 914.1639890153987,
            "Shear": 115
        },
        "Base Plate 30%": {
            "Axial": 1485.144204424832,
            "Shear": 105
        },
        "Base Plate 50%": {
            "Axial": 2141.9116617418917,
            "Shear": 122
        },
        "Base Plate 80%": {
            "Axial": 3495.5912500027293,
            "Shear": 271
        }
    },
    "310UC158": {
        "Base Plate15%": {
            "Axial": 1041.939561707249,
            "Shear": 119
        },
        "Base Plate 30%": {
            "Axial": 1863.5280537090725,
            "Shear": 115
        },
        "Base Plate 50%": {
            "Axial": 2810.218091097231,
            "Shear": 191
        },
        "Base Plate 80%": {
            "Axial": 4208.0623398827665,
            "Shear": 282
        }
    },
    "350WC197": {
        "Base Plate15%": {
            "Axial": 1199.629337763537,
            "Shear": 110
        },
        "Base Plate 30%": {
            "Axial": 1968.071006794344,
            "Shear": 162
        },
        "Base Plate 50%": {
            "Axial": 3162.7491659096922,
            "Shear": 189
        },
        "Base Plate 80%": {
            "Axial": 4966.879735235176,
            "Shear": 252
        }
    },
    "350WC230": {
        "Base Plate15%": {
            "Axial": 1192.6397775030614,
            "Shear": 105
        },
        "Base Plate 30%": {
            "Axial": 2531.9894891438785,
            "Shear": 167
        },
        "Base Plate 50%": {
            "Axial": 3727.6938729811577,
            "Shear": 231
        },
        "Base Plate 80%": {
            "Axial": 6266.820209188701,
            "Shear": 385
        }
    },
    "350WC258": {
        "Base Plate15%": {
            "Axial": 1274.6938870544586,
            "Shear": 110
        },
        "Base Plate 30%": {
            "Axial": 2461.0070713343616,
            "Shear": 189
        },
        "Base Plate 50%": {
            "Axial": 4454.565091232515,
            "Shear": 275
        },
        "Base Plate 80%": {
            "Axial": 7363.061820559313,
            "Shear": 393
        }
    },
    "350WC280": {
        "Base Plate15%": {
            "Axial": 1336.9447133211193,
            "Shear": 115
        },
        "Base Plate 30%": {
            "Axial": 2921.885609945376,
            "Shear": 176
        },
        "Base Plate 50%": {
            "Axial": 4763.847742391551,
            "Shear": 278
        },
        "Base Plate 80%": {
            "Axial": 7338.482474934675,
            "Shear": 412
        }
    },
    "400WC144": {
        "Base Plate15%": {
            "Axial": 1153.7998895526969,
            "Shear": 118
        },
        "Base Plate 30%": {
            "Axial": 2040.7649790216637,
            "Shear": 166
        },
        "Base Plate 50%": {
            "Axial": 2749.00711342035,
            "Shear": 183
        },
        "Base Plate 80%": {
            "Axial": 4740.707676434145,
            "Shear": 236
        }
    },
    "400WC181": {
        "Base Plate15%": {
            "Axial": 1181.327047345532,