{
  "100UC14": {
    "Base Plate15%": {
      "Axial": 304.34101118536245,
      "Shear": 55.89356703730292
    },
    "Base Plate 30%": {
      "Axial": 324.3300933093678,
      "Shear": 53.091102934163445
    },
    "Base Plate 50%": {
      "Axial": 318.45216676047636,
      "Shear": 57.13031847058826
    },
    "Base Plate 80%": {
      "Axial": 494.9033999171441,
      "Shear": 62.624917657604094
    }
  },
  "150UC23": {
    "Base Plate15%": {
      "Axial": 396.1236271690961,
      "Shear": 55.97876715341563
    },
    "Base Plate 30%": {
      "Axial": 463.7509484679624,
      "Shear": 54.0699621752378
    },
    "Base Plate 50%": {
      "Axial": 543.3832471470017,
      "Shear": 62.41738561416084
    },
    "Base Plate 80%": {
      "Axial": 684.7892634261784,
      "Shear": 59.154747261836754
    }
  },
  "150UC30": {
    "Base Plate15%": {
      "Axial": 431.82379317477154,
      "Shear": 60.829697255107696
    },
    "Base Plate 30%": {
      "Axial": 469.4566209669031,
      "Shear": 60.204132845883784
    },
    "Base Plate 50%": {
      "Axial": 719.6124685781023,
      "Shear": 56.82029344068694
    },
    "Base Plate 80%": {
      "Axial": 951.3205494103622,
      "Shear": 60.140178578809454
    }
  },
  "150UC37": {
    "Base Plate15%": {
      "Axial": 436.7510909673258,
      "Shear": 55.14459055698928
    },
    "Base Plate 30%": {
      "Axial": 468.22050473141036,
      "Shear": 52.7946887292204
    },
    "Base Plate 50%": {
      "Axial": 781.803642572003,
      "Shear": 53.26108639557144
    },
    "Base Plate 80%": {
      "Axial": 1242.8109548598973,
      "Shear": 54.209299196126096
    }
  },
  "200UC46": {
    "Base Plate15%": {
      "Axial": 561.295752426228,
      "Shear": 59.580708146766355
    },
    "Base Plate 30%": {
      "Axial": 526.480074856462,
      "Shear": 60.70474578097093
    },
    "Base Plate 50%": {
      "Axial": 873.790868529238,
      "Shear": 56.17851675693593
    },
    "Base Plate 80%": {
      "Axial": 1416.0321423314756,
      "Shear": 80.25394080211578
    }
  },
  "200UC52": {
    "Base Plate15%": {
      "Axial": 623.577277536867,
      "Shear": 56.17283514347214
    },
    "Base Plate 30%": {
      "Axial": 654.235959821094,
      "Shear": 58.51476776701483
    },
    "Base Plate 50%": {
      "Axial": 1075.3914065482104,
      "Shear": 54.49953498190515
    },
    "Base Plate 80%": {
      "Axial": 1441.6168230372905,
      "Shear": 85.31326621648266
    }
  },
  "200UC59": {
    "Base Plate15%": {
      "Axial": 586.5043558461064,
      "Shear": 60.46430973086103
    },
    "Base Plate 30%": {
      "Axial": 776.3487916022842,
      "Shear": 51.507988858896304
    },
    "Base Plate 50%": {
      "Axial": 1045.0900434582825,
      "Shear": 57.04895382456026
    },
    "Base Plate 80%": {
      "Axial": 1906.0650448102838,
      "Shear": 131.06721779790084
    }
  },
  "250UC72": {
    "Base Plate15%": {
      "Axial": 693.1219809683569,
      "Shear": 51.41303022934654
    },
    "Base Plate 30%": {
      "Axial": 786.2165817840446,
      "Shear": 60.53273906773842
    },
    "Base Plate 50%": {
      "Axial": 1231.964290072193,
      "Shear": 80.37513101970285
    },
    "Base Plate 80%": {
      "Axial": 2176.5653801146614,
      "Shear": 136.37194719190015
    }
  },
  "250UC89": {
    "Base Plate15%": {
      "Axial": 730.4328186868485,
      "Shear": 60.55682009437411
    },
    "Base Plate 30%": {
      "Axial": 948.1282108431586,
      "Shear": 53.92407194217382
    },
    "Base Plate 50%": {
      "Axial": 1697.7923545811532,
      "Shear": 87.14965497552392
    },
    "Base Plate 80%": {
      "Axial": 2355.714069245885,
      "Shear": 122.27944843857023
    }
  },
  "310UC96": {
    "Base Plate15%": {
      "Axial": 821.9749101841394,
      "Shear": 113.60944109489584
    },
    "Base Plate 30%": {
      "Axial": 1170.1102329366693,
      "Shear": 122.36572781497313
    },
    "Base Plate 50%": {
      "Axial": 1760.5812304545452,
      "Shear": 111.47356412275248
    },
    "Base Plate 80%": {
      "Axial": 2759.0609080962536,
      "Shear": 182.32588121722677
    }
  },
  "310UC118": {
    "Base Plate15%": {
      "Axial": 970.4913205125207,
      "Shear": 114.23291391679426
    },
    "Base Plate 30%": {
      "Axial": 1436.16972325061,
      "Shear": 106.18262001560578
    },
    "Base Plate 50%": {
      "Axial": 1819.1517174332298,
      "Shear": 118.13372138775046
    },
    "Base Plate 80%": {
      "Axial": 3230.318480808023,
      "Shear": 195.13666781798753
    }
  },
  "310UC137": {
    "Base Plate15%": {
      "Axial": 914.1639890153987,
      "Shear": 115.21053995980651
    },
    "Base Plate 30%": {
      "Axial": 1485.144204424832,
      "Shear": 104.67034908110985
    },
    "Base Plate 50%": {
      "Axial": 2141.9116617418917,
      "Shear": 121.88701553380157
    },
    "Base Plate 80%": {
      "Axial": 3495.5912500027293,
      "Shear": 271.1698465300228
    }
  },
  "310UC158": {
    "Base Plate15%": {
      "Axial": 1041.939561707249,
      "Shear": 118.54388227632484
    },
    "Base Plate 30%": {
      "Axial": 1863.5280537090725,
      "Shear": 114.73992666301461
    },
    "Base Plate 50%": {
      "Axial": 2810.218091097231,
      "Shear": 190.83923545875024
    },
    "Base Plate 80%": {
      "Axial": 4208.0623398827665,
      "Shear": 282.4219110067305
    }
  },
  "350WC197": {
    "Base Plate15%": {
      "Axial": 1199.629337763537,
      "Shear": 109.98487737081174
    },
    "Base Plate 30%": {
      "Axial": 1968.071006794344,
      "Shear": 161.70913825712057
    },
    "Base Plate 50%": {
      "Axial": 3162.7491659096922,
      "Shear": 189.36099295535058
    },
    "Base Plate 80%": {
      "Axial": 4966.879735235176,
      "Shear": 251.80474681775164
    }
  },
  "350WC230": {
    "Base Plate15%": {
      "Axial": 1192.6397775030614,
      "Shear": 105.22431826601932
    },
    "Base Plate 30%": {
      "Axial": 2531.9894891438785,
      "Shear": 166.8539658741998
    },
    "Base Plate 50%": {
      "Axial": 3727.6938729811577,
      "Shear": 231.42524308863977
    },
    "Base Plate 80%": {
      "Axial": 6266.820209188701,
      "Shear": 385.3673961249885
    }
  },
  "350WC258": {
    "Base Plate15%": {
      "Axial": 1274.6938870544586,
      "Shear": 110.45522727009467
    },
    "Base Plate 30%": {
      "Axial": 2461.0070713343616,
      "Shear": 189.27273090624016
    },
    "Base Plate 50%": {
      "Axial": 4454.565091232515,
      "Shear": 275.32186175724024
    },
    "Base Plate 80%": {
      "Axial": 7363.061820559313,
      "Shear": 392.70493947773997
    }
  },
  "350WC280": {
    "Base Plate15%": {
      "Axial": 1336.9447133211193,
      "Shear": 114.83181950738492
    },
    "Base Plate 30%": {
      "Axial": 2921.885609945376,
      "Shear": 175.9020496447404
    },
    "Base Plate 50%": {
      "Axial": 4763.847742391551,
      "Shear": 278.08348208853033
    },
    "Base Plate 80%": {
      "Axial": 7338.482474934675,
      "Shear": 411.62130147300957
    }
  },
  "400WC144": {
    "Base Plate15%": {
      "Axial": 1153.7998895526969,
      "Shear": 117.72663162375403
    },
    "Base Plate 30%": {
      "Axial": 2040.7649790216637,
      "Shear": 165.55908961079606
    },
    "Base Plate 50%": {
      "Axial": 2749.00711342035,
      "Shear": 182.62919556285507
    },
    "Base Plate 80%": {
      "Axial": 4740.707676434145,
      "Shear": 235.8223402693293
    }
  },
  "400WC181": {
    "Base Plate15%": {
      "Axial": 1181.327047345532,
      "Shear": 110.38063071893136
    },
    "Base Plate 30%": {
      "Axial": 1914.16854267111,
      "Shear": 161.22088616298808
    },
    "Base Plate 50%": {
      "Axial": 2904.688533147301,
      "Shear": 168.8285451949052
    },
    "Base Plate 80%": {
      "Axial": 4581.2440102632045,
      "Shear": 274.3818539765548
    }
  },
  "400WC212": {
    "Base Plate15%": {
      "Axial": 1344.0546699380259,
      "Shear": 110.38762120819581
    },