{
  "200UB18": {
    "MEP 70%/30% (Moment/Shear)": {
      "Shear": 90.34377410949794,
      "MomentTop": 53.187519220170145,
      "MomentBottom": 48.20240629994358
    },
    "MEP 100%/50% (Moment/Shear)": {
      "Shear": 88.71007027616841,
      "MomentTop": 50.190727385013716,
      "MomentBottom": 51.41258716223399
    }
  },
  "200UB22": {
    "MEP 70%/30% (Moment/Shear)": {
      "Shear": 104.83679965100877,
      "MomentTop": 66.44897569524258,
      "MomentBottom": 61.97930653257039
    },
    "MEP 100%/50% (Moment/Shear)": {
      "Shear": 95.02700496359918,
      "MomentTop": 58.79989514030973,
      "MomentBottom": 66.39201131308565
    }
  },
  "200UB25": {
    "MEP 70%/30% (Moment/Shear)": {
      "Shear": 126.63523378922596,
      "MomentTop": 68.56219425261399,
      "MomentBottom": 68.87791346198925
    },
    "MEP 100%/50% (Moment/Shear)": {
      "Shear": 111.40034327023236,
      "MomentTop": 75.87503112925549,
      "MomentBottom": 69.48175986709977
    }
  },
  "200UB30": {
    "MEP 70%/30% (Moment/Shear)": {
      "Shear": 140.1778378831867,
      "MomentTop": 91.95300864614634,
      "MomentBottom": 81.93112839605111
    },
    "MEP 100%/50% (Moment/Shear)": {
      "Shear": 126.22010837917651,
      "MomentTop": 91.94323671212214,
      "MomentBottom": 84.4689155922176
    }
  },
  "250UB26": {
    "MEP 70%/30% (Moment/Shear)": {
      "Shear": 140.5129237140264,
      "MomentTop": 77.3699745321416,
      "MomentBottom": 86.55594685777822
    },
    "MEP 100%/50% (Moment/Shear)": {
      "Shear": 140.30111591383437,
      "MomentTop": 94.30627562730075,
      "MomentBottom": 91.9595855032342
    }
  },
  "250UB31": {
    "MEP 70%/30% (Moment/Shear)": {
      "Shear": 152.45138316394966,
      "MomentTop": 107.30084323984882,
      "MomentBottom": 118.68919384351253
    },
    "MEP 100%/50% (Moment/Shear)": {
      "Shear": 155.74369575949441,
      "MomentTop": 119.14468400308735,
      "MomentBottom": 120.27846108177326
    }
  },
  "250UB37": {
    "MEP 70%/30% (Moment/Shear)": {
      "Shear": 156.28535616756784,
      "MomentTop": 145.878905032098,
      "MomentBottom": 134.05924911981214
    },
    "MEP 100%/50% (Moment/Shear)": {
      "Shear": 174.19695994495234,
      "MomentTop": 127.85588634734728,
      "MomentBottom": 151.1893515223093
    }
  },
  "310UB32": {
    "MEP 70%/30% (Moment/Shear)": {
      "Shear": 167.54879104232603,
      "MomentTop": 131.07660693261946,
      "MomentBottom": 123.33324888595644
    },
    "MEP 100%/50% (Moment/Shear)": {
      "Shear": 162.13563205530082,
      "MomentTop": 143.8676371669462,
      "MomentBottom": 127.57620430307126
    }
  },
  "310UB40.4": {
    "MEP 70%/30% (Moment/Shear)": {
      "Shear": 204.57257423378252,
      "MomentTop": 177.51533153694976,
      "MomentBottom": 180.12134867974797
    },
    "MEP 100%/50% (Moment/Shear)": {
      "Shear": 203.87909692489293,
      "MomentTop": 197.5544293839932,
      "MomentBottom": 189.20318991086128
    }
  },
  "310UB46": {
    "MEP 70%/30% (Moment/Shear)": {
      "Shear": 197.94990058551645,
      "MomentTop": 150.8503352038229,
      "MomentBottom": 179.85285417323786
    },
    "MEP 100%/50% (Moment/Shear)": {
      "Shear": 219.32107054937242,
      "MomentTop": 193.1655782656307,
      "MomentBottom": 199.84304080938517
    }
  },
  "360UB45": {
    "MEP 70%/30% (Moment/Shear)": {
      "Shear": 230.0827254043613,
      "MomentTop": 210.29082838608952,
      "MomentBottom": 179.5769370484828
    },
    "MEP 100%/50% (Moment/Shear)": {
      "Shear": 244.58106954383425,
      "MomentTop": 219.30739913345096,
      "MomentBottom": 218.34195069047928
    }
  },
  "360UB51": {
    "MEP 70%/30% (Moment/Shear)": {
      "Shear": 244.2811214367018,
      "MomentTop": 203.75953813505174,
      "MomentBottom": 199.1634610555769
    },
    "MEP 100%/50% (Moment/Shear)": {
      "Shear": 294.7845230283307,
      "MomentTop": 246.15729898624667,
      "MomentBottom": 237.16307865214395
    }
  },
  "360UB57": {
    "MEP 70%/30% (Moment/Shear)": {
      "Shear": 269.6189179139391,
      "MomentTop": 219.26256526199404,
      "MomentBottom": 221.09055737207598
    },
    "MEP 100%/50% (Moment/Shear)": {
      "Shear": 301.10283702955144,
      "MomentTop": 282.02551170414796,
      "MomentBottom": 252.06581568749317
    }
  },
  "410UB54": {
    "MEP 70%/30% (Moment/Shear)": {
      "Shear": 313.93986474080793,
      "MomentTop": 241.61482314087732,
      "MomentBottom": 211.03071453052067
    },
    "MEP 100%/50% (Moment/Shear)": {
      "Shear": 314.89681254809716,
      "MomentTop": 320.3066006959411,
      "MomentBottom": 293.90159661037956
    }
  },
  "410UB60": {
    "MEP 70%/30% (Moment/Shear)": {
      "Shear": 347.7872630371125,
      "MomentTop": 213.53354889035128,
      "MomentBottom": 229.8879417410976
    },
    "MEP 100%/50% (Moment/Shear)": {
      "Shear": 342.2248368546609,
      "MomentTop": 347.10114542574,
      "MomentBottom": 328.0455547630688
    }
  },
  "460UB67": {
    "MEP 70%/30% (Moment/Shear)": {
      "Shear": 387.40016142761215,
      "MomentTop": 271.469778720349,
      "MomentBottom": 280.34783307525703
    },
    "MEP 100%/50% (Moment/Shear)": {
      "Shear": 382.2988745031827,
      "MomentTop": 385.26234393861694,
      "MomentBottom": 323.18447763135896
    }
  },
  "460UB74.6": {
    "MEP 70%/30% (Moment/Shear)": {
      "Shear": 430.66495399328323,
      "MomentTop": 326.91519931061976,
      "MomentBottom": 357.21029300639304
    },
    "MEP 100%/50% (Moment/Shear)": {
      "Shear": 397.75157190252327,
      "MomentTop": 422.45191718065996,
      "MomentBottom": 367.2306741619669
    }
  },
  "460UB82": {
    "MEP 70%/30% (Moment/Shear)": {
      "Shear": 518.6617175887319,
      "MomentTop": 334.072530860238,
      "MomentBottom": 367.17281874316456
    },
    "MEP 100%/50% (Moment/Shear)": {
      "Shear": 498.6041383966399,
      "MomentTop": 527.9516522871861,
      "MomentBottom": 474.819131460276
    }
  },
  "530UB82": {
    "MEP 70%/30% (Moment/Shear)": {
      "Shear": 545.8779592401523,
      "MomentTop": 418.07167437664714,
      "MomentBottom": 382.03022118087165
    },
    "MEP 100%/50% (Moment/Shear)": {
      "Shear": 527.1827406523037,
      "MomentTop": 501.35729565672017,
      "MomentBottom": 392.43111021863194
    }
  },
  "530UB92": {
    "MEP 70%/30% (Moment/Shear)": {
      "Shear": 501.85437489072274,
      "MomentTop": 495.42576291395574,
      "MomentBottom": 432.3947683625636
    },
    "MEP 100%/50% (Moment/Shear)": {
      "Shear": 526.8679448260218,
      "MomentTop": 619.5614234136078,
      "MomentBottom": 646.979837111874
    }
  },
  "610UB101": {
    "MEP 70%/30% (Moment/Shear)": {
      "Shear": 558.9032773229784,
      "MomentTop": 663.1749978285703,
      "MomentBottom": 486.5425343623564
    },
    "MEP 100%/50% (Moment/Shear)": {
      "Shear": 659.4822699933118,
      "MomentTop": 720.1564379030989,
      "MomentBottom": 743.262217324617
    }
  },
  "610UB113": {
    "MEP 70%/30% (Moment/Shear)": {
      "Shear": 488.2764688164854,
      "MomentTop": 584.0610922701903,
      "MomentBottom": 479.78285125499247
    },
    "MEP 100%/50% (Moment/Shear)": {
      "Shear": 702.3961891109878,
      "MomentTop": 773.2063255439979,
      "MomentBottom": 703.7467663152105
    }
  },
  "610UB125": {
    "MEP 70%/30% (Moment/Shear)": {
      "Shear": 648.1689951608612,
      "MomentTop": 996.2315478347533,
      "MomentBottom": 777.783924275403
    },
    "MEP 100%/50% (Moment/Shear)": {
      "Shear": 709.8460503797204,
      "MomentTop": 968.9378619689103,
      "MomentBottom": 792.8278982231269
    }
  },
  "700WB115": {
    "MEP 70%/30% (Moment/Shear)": {
      "Shear": 492.4814588554481,
      "MomentTop": 718.7639621535176,
      "MomentBottom": 519.7383960942802
    },
    "MEP 100%/50% (Moment/Shear)": {
      "Shear": 684.2999745993573,
      "MomentTop": 1095.2672931666045,
      "MomentBottom": 903.250954591257
    }
  },