{
  "180UB16": {
    "Web Cope 30%": {
      "Shear": 49.18345084741303
    },
    "Web Cope 40%": {
      "Shear": 51.490359728810745
    }
  },
  "180UB18": {
    "Web Cope 30%": {
      "Shear": 61.60578286847277
    },
    "Web Cope 40%": {
      "Shear": 62.1523661751883
    }
  },
  "180UB22": {
    "Web Cope 30%": {
      "Shear": 83.38628705728365
    },
    "Web Cope 40%": {
      "Shear": 83.3002538242646
    }
  },
  "200UB18": {
    "Web Cope 30%": {
      "Shear": 53.31990046286296
    }
  },
  "200UB22": {
    "Web Cope 30%": {
      "Shear": 70.59401169993961
    }
  },
  "200UB25": {
    "Web Cope 30%": {
      "Shear": 79.71218763104652
    }
  },
  "200UB30": {
    "Web Cope 30%": {
      "Shear": 96.3269934433662
    }
  },
  "250UB26": {
    "Web Cope 30%": {
      "Shear": 60.5010772695943
    }
  },
  "250UB31": {
    "Web Cope 30%": {
      "Shear": 79.74483272244181
    }
  },
  "250UB37": {
    "Web Cope 30%": {
      "Shear": 102.45756615310547
    }
  },
  "310UB32": {
    "Web Cope 30%": {
      "Shear": 103.01195908659807
    }
  },
  "310UB40.4": {
    "Web Cope 30%": {
      "Shear": 115.15940963281727
    },
    "Web Cope 40%": {
      "Shear": 132.41193286036105
    }
  },
  "310UB46": {
    "Web Cope 30%": {
      "Shear": 119.4295416391252
    },
    "Web Cope 40%": {
      "Shear": 132.41193286036105
    }
  },
  "360UB45": {
    "Web Cope 30%": {
      "Shear": 190.67848429767974
    },
    "Web Cope 40%": {
      "Shear": 178.6698836231754
    }
  },
  "360UB51": {
    "Web Cope 30%": {
      "Shear": 183.2646342462219
    },
    "Web Cope 40%": {
      "Shear": 193.2284246142858
    }
  },
  "360UB57": {
    "Web Cope 30%": {
      "Shear": 213.92183560646268
    },
    "Web Cope 40%": {
      "Shear": 199.0363435816962
    }
  },
  "410UB54": {
    "Web Cope 30%": {
      "Shear": 185.86659875655187
    },
    "Web Cope 40%": {
      "Shear": 238.38126506353728
    },
    "50": {
      "Shear": 269.49227198204215
    }
  },
  "410UB60": {
    "Web Cope 30%": {
      "Shear": 212.11954105986015
    },
    "Web Cope 40%": {
      "Shear": 247.17838195211556
    }
  },
  "460UB67": {
    "Web Cope 30%": {
      "Shear": 261.100357725706
    },
    "Web Cope 40%": {
      "Shear": 385.6429369405093
    },
    "50": {
      "Shear": 384.3449735455289
    }
  },
  "460UB74.6": {
    "Web Cope 30%": {
      "Shear": 282.0166454543107
    },
    "Web Cope 40%": {
      "Shear": 382.3107011774955
    },
    "50": {
      "Shear": 354.9404340892168
    }
  },
  "460UB82": {
    "Web Cope 30%": {
      "Shear": 254.5245520456395
    },
    "Web Cope 40%": {
      "Shear": 382.130439632017
    }
  },
  "530UB82": {
    "Web Cope 30%": {
      "Shear": 374.30594361507497
    },
    "Web Cope 40%": {
      "Shear": 386.47604468295077
    },
    "50": {
      "Shear": 480.43625324739105
    }
  },
  "530UB92": {
    "Web Cope 30%": {
      "Shear": 406.1218655909583
    },
    "Web Cope 40%": {
      "Shear": 367.43001414201575
    },
    "50": {
      "Shear": 443.8177841551165
    }
  },
  "610UB101": {
    "Web Cope 30%": {
      "Shear": 363.50442046207183
    },
    "Web Cope 40%": {
      "Shear": 520.6021912590599
    },
    "50": {
      "Shear": 590.9507513070313
    }
  },
  "610UB113": {
    "Web Cope 30%": {
      "Shear": 390.5641785058594
    },
    "Web Cope 40%": {
      "Shear": 482.4087498678849
    },
    "50": {
      "Shear": 571.1264021769655
    }
  },
  "610UB125": {
    "Web Cope 30%": {
      "Shear": 411.905203890617
    },
    "Web Cope 40%": {
      "Shear": 458.7683951248138
    }
  },
  "700WB115": {
    "Web Cope 30%": {
      "Shear": 374.92662714268954
    },
    "Web Cope 40%": {
      "Shear": 464.517670954508
    },
    "50": {
      "Shear": 524.2473204316412
    },
    "60": {
      "Shear": 658.76372142826
    }
  },
  "700WB130": {
    "Web Cope 30%": {
      "Shear": 352.0702309921279
    },
    "Web Cope 40%": {
      "Shear": 472.3782878523243
    },
    "50": {
      "Shear": 532.4832918219255
    },
    "60": {
      "Shear": 625.3790513356179
    }
  },
  "700WB150": {
    "Web Cope 30%": {
      "Shear": 393.824293093799
    },
    "Web Cope 40%": {
      "Shear": 462.8828725676794
    },
    "50": {
      "Shear": 525.6073831345905
    },
    "60": {
      "Shear": 643.0806175583486
    }
  },
  "700WB173": {
    "Web Cope 30%": {
      "Shear": 354.6456325141063
    },
    "Web Cope 40%": {
      "Shear": 471.2166172549598
    },
    "50": {
      "Shear": 614.4096525024102
    },
    "60": {
      "Shear": 630.256393325101
    }
  },
  "800WB122": {
    "Web Cope 30%": {
      "Shear": 495.395998159658
    },
    "Web Cope 40%": {
      "Shear": 527.8996736326762
    },
    "50": {
      "Shear": 703.7086610823312
    }
  },
  "800WB146": {
    "Web Cope 30%": {
      "Shear": 438.53366541496985
    },
    "Web Cope 40%": {
      "Shear": 577.1196788604735
    },
    "50": {
      "Shear": 714.7566285352979
    },
    "60": {
      "Shear": 753.2557560456231
    }
  },
  "800WB168": {
    "Web Cope 30%": {
      "Shear": 451.4031758998947
    },
    "Web Cope 40%": {
      "Shear": 521.7759796775823
    },
    "50": {
      "Shear": 606.6446506651605
    },
    "60": {
      "Shear": 762.9590826063323
    }
  },
  "800WB192": {
    "Web Cope 30%": {
      "Shear": 476.82450192847494
    },
    "Web Cope 40%": {
      "Shear": 595.6851148518934
    },
    "50": {
      "Shear": 673.7832206879536
    },
    "60": {
      "Shear": 850.644705718042
    }
  },
  "900WB175": {
    "Web Cope 30%": {
      "Shear": 599.9961333841536
    },
    "Web Cope 40%": {
      "Shear": 808.6565332444093
    },
    "50": {
      "Shear": 876.0326854535845
    }
  },
  "900WB218": {
    "Web Cope 30%": {
      "Shear": 536.5193677204132
    },
    "Web Cope 40%": {
      "Shear": 809.879280966726
    },
    "50": {
      "Shear": 837.795596480434
    }
  },
  "900WB257": {
    "Web Cope 30%": {
      "Shear": 574.9594604623691
    },
    "Web Cope 40%": {
      "Shear": 788.9037231279967
    },
    "50": {
      "Shear": 915.9585340716643
    }
  },
  "900WB282": {
    "Web Cope 30%": {
      "Shear": 593.9654184224505
    },
    "Web Cope 40%": {
      "Shear": 735.8278772424945
    },
    "50": {
      "Shear": 982.6277232910546
    }
  },
  "1000WB215": {
    "Web Cope 30%": {
      "Shear": 847.4564581324842
    }
  },
  "1000WB258": {
    "Web Cope 30%": {
      "Shear": 833.1525896507295
    },
    "Web Cope 40%": {
      "Shear": 1028.4817762936748
    }
  },
  "1000WB296": {
    "Web Cope 30%": {
      "Shear": 853.9310278721399
    },
    "Web Cope 40%": {
      "Shear": 1058.9039082257855
    }
  },
  "1000WB322": {
    "Web Cope 30%": {
      "Shear": 790.2771213103014
    },
    "Web Cope 40%": {
      "Shear": 993.0852925851788
    }
  },
  "1200WB249": {
    "Web Cope 30%": {
      "Shear": 891.0586951178318
    },
    "Web Cope 40%": {
      "Shear": 1316.4820495997717
    }
  },
  "1200WB278": {
    "Web Cope 30%": {
      "Shear": 942.7886286641129
    },
    "Web Cope 40%": {
      "Shear": 1229.658962222537
    }
  },
  "1200WB317": {
    "Web Cope 30%": {
      "Shear": 965.5047204427923
    },
    "Web Cope 40%": {
      "Shear": 1228.2359462429708
    }
  },
  "1200WB342": {
    "Web Cope 30%": {
      "Shear": 846.179139791561
    },
    "Web Cope 40%": {
      "Shear": 1313.269170082989
    }
  },
  "1200WB392": {
    "Web Cope 30%": {
      "Shear": 878.0329450289748
    },
    "Web Cope 40%": {
      "Shear": 1196.2663306408992
    }
  },
  "1200WB423": {
    "Web Cope 30%": {
      "Shear": 865.7824940120424
    },
    "Web Cope 40%": {
      "Shear": 1119.2500435641452
    }
  },
  "1200WB455": {
    "Web Cope 30%": {
      "Shear": 874.6838095703242
    },
    "Web Cope 40%": {
      "Shear": 1190.6813888983054
    }
  }
}